[{"id":"2","patente":"AA","hora_ingreso":"2016-11-11 06:18:22","hora_egreso":"2016-11-11 00:00:00","facturado":"18"},{"id":"3","patente":"AA","hora_ingreso":"2016-11-11 06:18:43","hora_egreso":"2016-11-11 00:00:00","facturado":"18"},{"id":"4","patente":"AA","hora_ingreso":"2016-11-11 06:19:52","hora_egreso":"2016-11-11 00:00:00","facturado":"379"},{"id":"5","patente":"AA    ","hora_ingreso":"2016-11-11 06:20:26","hora_egreso":"2016-11-11 00:00:00","facturado":"380"},{"id":"6","patente":"AA","hora_ingreso":"2016-11-11 06:21:41","hora_egreso":"2016-11-11 00:00:00","facturado":"381"},{"id":"7","patente":"AA","hora_ingreso":"2016-11-11 06:22:15","hora_egreso":"2016-11-11 00:00:00","facturado":"382"},{"id":"8","patente":"AA       ","hora_ingreso":"2016-11-11 06:23:01","hora_egreso":"2016-11-11 00:00:00","facturado":"383"},{"id":"9","patente":"AA       ","hora_ingreso":"2016-11-11 06:23:11","hora_egreso":"2016-11-11 00:00:00","facturado":"383"},{"id":"10","patente":"AA       ","hora_ingreso":"2016-11-11 06:23:23","hora_egreso":"2016-11-11 08:06:54","facturado":"383"},{"id":"11","patente":"AA","hora_ingreso":"2016-11-11 06:24:16","hora_egreso":"2016-11-11 08:08:21","facturado":"104"},{"id":"12","patente":"AA   ","hora_ingreso":"2016-11-11 06:24:32","hora_egreso":"2016-11-11 08:08:47","facturado":"104"},{"id":"13","patente":"AA","hora_ingreso":"2016-11-11 06:25:27","hora_egreso":"2016-11-11 08:09:13","facturado":"103"},{"id":"14","patente":"AA ","hora_ingreso":"2016-11-11 06:28:16","hora_egreso":"2016-11-11 08:12:52","facturado":"104"},{"id":"15","patente":"AA ","hora_ingreso":"2016-11-11 06:28:30","hora_egreso":"2016-11-11 08:13:11","facturado":"104"},{"id":"16","patente":"AA","hora_ingreso":"2016-11-11 06:49:40","hora_egreso":"2016-11-11 08:13:52","facturado":"84"},{"id":"17","patente":"AA","hora_ingreso":"2016-11-11 07:45:08","hora_egreso":"2016-11-11 08:14:17","facturado":"29"},{"id":"18","patente":"AA","hora_ingreso":"2016-11-11 07:45:48","hora_egreso":"2016-11-11 08:14:18","facturado":"28"},{"id":"19","patente":"AA","hora_ingreso":"2016-11-11 07:46:44","hora_egreso":"2016-11-11 08:14:19","facturado":"27"},{"id":"20","patente":"AA","hora_ingreso":"2016-11-11 07:47:44","hora_egreso":"2016-11-11 08:14:55","facturado":"27"},{"id":"21","patente":"AA","hora_ingreso":"2016-11-11 07:48:39","hora_egreso":"2016-11-11 08:15:30","facturado":"26"},{"id":"22","patente":"AA","hora_ingreso":"2016-11-11 00:20:16","hora_egreso":"2016-11-11 08:16:01","facturado":"475"},{"id":"23","patente":"AA","hora_ingreso":"2016-11-11 00:00:00","hora_egreso":"2016-11-11 08:17:09","facturado":"497"},{"id":"24","patente":"AA","hora_ingreso":"2016-11-11 00:00:00","hora_egreso":"2016-11-11 08:20:24","facturado":"500"},{"id":"25","patente":"AA","hora_ingreso":"2016-11-11 00:00:00","hora_egreso":"2016-11-11 08:22:00","facturado":"502"},{"id":"26","patente":"AA","hora_ingreso":"2016-11-11 00:00:00","hora_egreso":"2016-11-14 00:05:54","facturado":"4325"},{"id":"27","patente":"AA","hora_ingreso":"2016-11-11 00:00:00","hora_egreso":"2016-11-15 05:19:18","facturado":"6079"},{"id":"47","patente":"ABC123","hora_ingreso":"2016-11-13 23:59:39","hora_egreso":"2016-11-14 00:18:11","facturado":"18"},{"id":"58","patente":"ADF","hora_ingreso":"2016-11-14 00:17:30","hora_egreso":"2016-11-15 01:58:25","facturado":"1540"},{"id":"59","patente":"APK123","hora_ingreso":"2016-11-14 00:18:06","hora_egreso":"2016-11-15 05:17:43","facturado":"1739"},{"id":"863","patente":"ABR1","hora_ingreso":"2016-11-15 05:33:33","hora_egreso":"2016-11-15 05:34:49","facturado":"1"},{"id":"872","patente":"ABR10","hora_ingreso":"2016-11-15 05:33:34","hora_egreso":"2016-11-15 07:28:55","facturado":"115"},{"id":"941","patente":"ABR79","hora_ingreso":"2016-11-15 05:33:37","hora_egreso":"2016-11-15 06:11:51","facturado":"38"},{"id":"942","patente":"ABR80","hora_ingreso":"2016-11-15 05:33:38","hora_egreso":"2016-11-15 06:11:47","facturado":"38"},{"id":"944","patente":"ABR82","hora_ingreso":"2016-11-15 05:33:38","hora_egreso":"2016-11-15 06:12:28","facturado":"38"},{"id":"962","patente":"ABR100","hora_ingreso":"2016-11-15 05:33:39","hora_egreso":"2016-11-15 05:35:13","facturado":"1"},{"id":"963","patente":"ABR101","hora_ingreso":"2016-11-15 05:33:39","hora_egreso":"2016-11-17 05:37:37","facturado":"2883"},{"id":"964","patente":"ABR102","hora_ingreso":"2016-11-15 05:33:39","hora_egreso":"2016-11-21 01:04:55","facturado":"8371"},{"id":"965","patente":"ABR103","hora_ingreso":"2016-11-15 05:33:39","hora_egreso":"2016-11-15 07:28:59","facturado":"115"},{"id":"966","patente":"ABR104","hora_ingreso":"2016-11-15 05:33:39","hora_egreso":"2016-11-15 05:35:29","facturado":"1"},{"id":"967","patente":"ABR105","hora_ingreso":"2016-11-15 05:33:39","hora_egreso":"2016-11-15 05:36:21","facturado":"2"},{"id":"968","patente":"ABR106","hora_ingreso":"2016-11-15 05:33:39","hora_egreso":"2016-11-15 06:11:31","facturado":"37"},{"id":"969","patente":"ABR107","hora_ingreso":"2016-11-15 05:33:39","hora_egreso":"2016-11-15 07:37:31","facturado":"123"},{"id":"971","patente":"ABR109","hora_ingreso":"2016-11-15 05:33:39","hora_egreso":"2016-11-21 01:17:35","facturado":"8383"},{"id":"986","patente":"ABR124","hora_ingreso":"2016-11-15 05:33:40","hora_egreso":"2016-11-17 05:20:47","facturado":"2867"},{"id":"1017","patente":"ABR155","hora_ingreso":"2016-11-15 05:33:41","hora_egreso":"2016-11-15 16:35:07","facturado":"661"}]